{"validation_loss": 5.468810573220253, "bleu": 2.304795125201468}