{"validation_loss": 5.8020085245370865, "bleu": 1.9591576426225912}