{"validation_loss": 5.530751287937164, "bleu": 1.1845656647452005, "training_time": 14.846559762954712, "tokens_per_sec": 225507.01507563225}