{"validation_loss": 5.215120404958725, "bleu": 1.0489702721550724, "training_time": 14.14031195640564, "tokens_per_sec": 228066.1839665233}