{"validation_loss": 5.374903500080109, "bleu": 1.326514379512707, "training_time": 7.779033184051514, "tokens_per_sec": 94815.50072432763}