{"validation_loss": 5.312254011631012, "bleu": 3.99026708819143, "training_time": 7.774066686630249, "tokens_per_sec": 94801.97251989276}