{"validation_loss": 5.014122545719147, "bleu": 1.0811449843371477, "training_time": 14.192785501480103, "tokens_per_sec": 227854.57105766085}