{"validation_loss": 4.677627414464951, "bleu": 4.64466952290272, "training_time": 14.268583536148071, "tokens_per_sec": 227982.205743568}