{"validation_loss": 4.757304102182388, "bleu": 2.856052335999698, "training_time": 14.282922506332397, "tokens_per_sec": 227527.35349721697}