{"validation_loss": 5.322863817214966, "bleu": 1.1423127565910982, "training_time": 7.7832465171813965, "tokens_per_sec": 94884.31338039858}