{"validation_loss": 5.298905968666077, "bleu": 1.0531694598448658, "training_time": 7.799225807189941, "tokens_per_sec": 94832.74881515566}