{"validation_loss": 4.687684893608093, "bleu": 4.6342328648468625, "training_time": 14.278413534164429, "tokens_per_sec": 228023.52508007307}