{"validation_loss": 4.793323367834091, "bleu": 2.046729177969432, "training_time": 14.27346682548523, "tokens_per_sec": 225112.4681980188}