{"validation_loss": 5.833978235721588, "bleu": 0.7304201931866989, "training_time": 10.781131267547607, "tokens_per_sec": 92697.64612333881}