{"validation_loss": 5.200174808502197, "bleu": 3.0380550069098424, "training_time": 7.807316064834595, "tokens_per_sec": 94663.47334445377}