{"validation_loss": 5.409182846546173, "bleu": 1.058283040661634, "training_time": 7.78813362121582, "tokens_per_sec": 94869.51891004299}