{"validation_loss": 5.234772801399231, "bleu": 2.4868965045505, "training_time": 7.794593334197998, "tokens_per_sec": 94676.48246882767}