{"validation_loss": 4.785387724637985, "bleu": 2.9627700525372154, "training_time": 14.225772619247437, "tokens_per_sec": 227971.34243889296}