{"validation_loss": 4.8872537314891815, "bleu": 2.3654657393080405, "training_time": 14.24948525428772, "tokens_per_sec": 226995.628656286}