{"validation_loss": 5.204754412174225, "bleu": 2.2573526328521134, "training_time": 7.772309064865112, "tokens_per_sec": 94850.91100682407}