{"validation_loss": 5.560321033000946, "bleu": 0.7684164043355839, "training_time": 7.757482528686523, "tokens_per_sec": 95072.59762085407}