{"validation_loss": 4.708888381719589, "bleu": 4.472460069806287, "training_time": 14.31385064125061, "tokens_per_sec": 227801.21280500604}